{"cameraMode":{"drawMode":0,"name":"Shaded","section":"Shading Mode"},"sceneLighting":false,"audioPlay":false,"sceneViewState":{"m_AlwaysRefresh":false,"showFog":false,"showSkybox":false,"showFlares":false,"showImageEffects":false,"showParticleSystems":false,"showVisualEffectGraphs":true,"m_FxEnabled":true},"in2DMode":false,"pivot":{"x":0.001430511474609375,"y":0.861930251121521,"z":0.007373511791229248},"rotation":{"x":0.30106398463249209,"y":0.18163511157035829,"z":-0.05851098895072937,"w":0.9343558549880981},"size":1.048652172088623,"orthographic":false}